{
  "interactionModel": {
    "dialog": {
      "intents": [
        {
          "slots": [
            {
              "name": "month",
              "elicitationRequired": true,
              "type": "AMAZON.Month",
              "confirmationRequired": false,
              "prompts": {
                "elicitation": "Elicit.Slot.1301716627653.1495343935470"
              }
            },
            {
              "name": "day",
              "elicitationRequired": true,
              "type": "AMAZON.Ordinal",
              "confirmationRequired": false,
              "prompts": {
                "elicitation": "Elicit.Slot.1301716627653.948535619073"
              }
            },
            {
              "name": "year",
              "elicitationRequired": true,
              "type": "AMAZON.FOUR_DIGIT_NUMBER",
              "confirmationRequired": false,
              "prompts": {
                "elicitation": "Elicit.Slot.1301716627653.778678601023"
              }
            }
          ],
          "name": "CaptureZodiacSignIntent",
          "confirmationRequired": false,
          "prompts": {}
        }
      ],
      "delegationStrategy": "ALWAYS"
    },
    "languageModel": {
      "intents": [
        {
          "name": "AMAZON.CancelIntent",
          "samples": []
        },
        {
          "name": "AMAZON.HelpIntent",
          "samples": []
        },
        {
          "name": "AMAZON.StopIntent",
          "samples": []
        },
        {
          "name": "AMAZON.NavigateHomeIntent",
          "samples": []
        },
        {
          "name": "AMAZON.FallbackIntent",
          "samples": []
        },
        {
          "slots": [
            {
              "name": "month",
              "type": "AMAZON.Month"
            },
            {
              "name": "day",
              "type": "AMAZON.Ordinal"
            },
            {
              "name": "year",
              "type": "AMAZON.FOUR_DIGIT_NUMBER"
            }
          ],
          "name": "CaptureZodiacSignIntent",
          "samples": [
            "I was born on {month}  {day} {year}"
          ]
        }
      ],
      "types": [],
      "invocationName": "get hackathon project"
    },
    "prompts": [
      {
        "variations": [
          {
            "type": "PlainText",
            "value": "What month were you born"
          }
        ],
        "id": "Elicit.Slot.1301716627653.1495343935470"
      },
      {
        "variations": [
          {
            "type": "PlainText",
            "value": "What day were you born"
          }
        ],
        "id": "Elicit.Slot.1301716627653.948535619073"
      },
      {
        "variations": [
          {
            "type": "PlainText",
            "value": "What year were you born"
          }
        ],
        "id": "Elicit.Slot.1301716627653.778678601023"
      }
    ]
  }
}